asn,tg_op,size
19037,AR05,1146368
11664,AR05,594432
11315,NULL,311040
10834,AR04,387328
7303,AR03,3910656
38657,AU06,131072
9443,AU05,1018880
7545,AU08,2003968
7474,AU06,978432
4804,AU06,5303552
4802,AU02,192512
4739,AU02,1774080
2764,AU02,852480
1221,AU07,13659260
1257,AT01,5048064
1901,AT02,573440
6830,AT03,11363072
8412,NULL,205824
8437,AT01,405248
8447,AT02,2260992
12635,NULL,0
12793,AT02,73984
16305,NULL,10240
25255,NULL,729088
8514,AT03,0
24389,NULL,23040
38721,NULL,0
45245,NULL,5120
45588,BD01,28160
45904,BD02,41728
25106,NULL,229632
42772,NULL,120832
44087,NULL,111616
6697,BY02,1069312
29005,BE01,0
34762,NULL,80896
44944,BE03,136192
47377,BE02,890368
12493,BE02,0
6848,BE04,2102784
5432,BE01,3926528
25144,BA04,123392
21107,BA01,33024
20875,BA03,72704
9146,BA02,172800
7162,NULL,270080
7738,BR01,7709696
8167,BR01,4461568
10429,BR06,1523968
11706,BR06,8704
15180,NULL,249856
16735,BR02,462848
18881,BR03,4562944
19182,BR06,245760
22085,BR05,1586944
22689,NULL,160768
26599,NULL,12027904
26615,NULL,9609216
27699,BR06,4623360
28573,BR05,9149184
53006,BR02,589824
19090,BR05,0
42735,BG02,9984
13124,BG01,408576
12716,BG03,31232
8866,BG05,677377
26230,NULL,0
35911,CA01,140032
36522,NULL,276944
36676,NULL,0
174,NULL,28356096
20453,CA05,72704
15290,CA04,683008
14663,NULL,188416
14366,CA07,73728
11489,CA02,308736
11290,CA03,255232
7992,CA03,784640
7788,NULL,0
7122,CA04,514816
6539,CA02,269824
6327,CA07,5424384
5769,CA09,2640128
3602,CA05,331008
855,CA01,1153280
852,CA08,5020672
812,CA05,4137472
803,CA06,594184
577,CA02,5943074
32580,NULL,0
684,CA04,2304
21548,NULL,33280
27680,NULL,431616
27925,NULL,333824
27995,NULL,140288
22047,CL05,1378816
15311,CL03,144896
14259,CL02,399360
14117,CL02,484864
7418,CL03,2491136
6535,CL06,838656
6471,NULL,508672
6429,CL06,164608
23650,CN02,401408
23724,CN02,3302656
56046,NULL,2574848
17897,CN02,165888
17816,CN04,4585472
17633,CN02,8192
17622,CN04,813824
17621,CN04,978432
9808,NULL,35632128
9394,CN03,20376320
4847,NULL,7068928
4837,CN04,57481472
4813,CN02,46080
4812,CN02,8684544
4808,CN04,6514944
4134,CN02,114074368
26611,NULL,4517888
27831,NULL,1822720
27921,NULL,18688
19429,CO01,887552
14080,CO03,999424
13489,CO04,3055616
10620,CO03,2004224
3816,CO02,2098688
8065,CO04,0
20299,CR01,118016
11830,NULL,1516288
3790,CR02,156928
31012,HR05,163840
34594,HR03,93184
35648,HR04,0
13046,HR04,139264
12810,NULL,132864
5391,HR04,1122304
16229,CY02,58624
15805,NULL,50944
6866,CY01,793856
5425,CY02,13312
2819,CZ01,0
5610,CZ02,1587456
6830,CZ04,11363072
12767,NULL,68608
13036,CZ05,319488
28725,CZ02,141568
29113,CZ04,0
29208,CZ03,263424
197288,DK04,262144
29542,NULL,0
39554,DK01,147456
44034,NULL,1007616
9158,DK02,2316544
6785,DK02,0
3308,DK03,271104
3292,DK01,6910720
28118,NULL,338432
12066,NULL,319488
6400,DO01,832256
24863,EG01,1621248
36992,NULL,5778176
37069,NULL,3709184
15475,NULL,303872
8452,EG02,7079168
20858,NULL,0
13272,EE02,123904
3249,EE01,594944
2586,NULL,33792
1257,NULL,5048064
16014,NULL,0
16086,FI01,1830144
15527,FI03,188672
12582,FI05,29696
3336,FI02,0
1759,FI05,3415040
790,FI02,795392
719,FI02,2878080
5515,FI05,0
3215,FR02,20037376
5410,FR01,7095552
6678,FR05,0
8228,FR06,1901056
9003,FR05,84224
12322,FR03,11116544
12626,FR06,124416
12670,FR05,678656
12844,NULL,0
15557,FR06,11629056
21502,FR05,1632448
25186,FR02,4096
28708,FR02,67072
3209,DE01,8572416
3320,DE02,34184960
5430,DE11,1246720
6805,DE10,7817728
8881,DE13,1371392
12638,NULL,574464
13184,DE10,0
15709,DE01,0
20825,DE12,0
29562,DE12,832512
31334,DE01,1983488
39706,DE10,16384
44178,DE02,0
25472,GR03,337920
29247,NULL,377088
6983,NULL,3457536
34248,NULL,17408
12361,NULL,91648
6866,GR05,793856
6799,GR02,1817600
3329,GR04,757760
1241,GR01,612352
38819,NULL,45056
17924,NULL,463872
17444,NULL,239872
10118,HK02,46080
9925,HK04,90368
9908,HK03,589824
9444,HK04,34048
9304,HK02,1521152
9269,HK01,1525249
9231,NULL,16896
4760,HK04,1762048
4515,HK04,781312
34588,HU03,0
197248,NULL,69632
21334,NULL,185344
20845,HU06,290816
12301,HU03,692992
8448,NULL,430080
8358,HU02,0
6830,HU05,11363072
5513,NULL,16384
5483,HU04,1389824
3340,HU02,0
8696,HU03,0
12969,IS02,303616
4755,IN06,1724688
9498,IN02,1610839
9583,NULL,545792
9829,IN01,6126848
10199,IN06,233472
10201,NULL,189440
17762,IN09,156672
17803,NULL,46848
17813,IN03,1524224
17908,IN06,530688
17917,IN07,167424
18101,IN04,505344
24560,IN02,2462976
38266,NULL,654592
45271,NULL,597248
45609,NULL,3543552
55441,IN09,554496
55740,NULL,2816
55831,NULL,0
131222,IN08,0
23693,NULL,5786368
23700,ID01,774656
24203,NULL,48896
38149,ID04,768
45727,NULL,33280
18004,NULL,57600
17974,ID02,3972352
4795,ID03,925696
4761,NULL,2413056
2110,NULL,437760
25441,IE04,420608
31122,IE02,165632
31458,IE02,0
34245,IE05,125952
35272,IE04,0
21327,NULL,0
15751,NULL,25344
15502,IE09,439296
13280,NULL,66560
6830,IE08,11363072
5466,IE03,1111552
12400,NULL,693504
9117,NULL,0
9116,IL03,1467452
8551,IL01,1546240
1680,IL04,1663488
24608,NULL,2171904
30722,IT05,5117184
35612,NULL,295936
44957,IT05,98560
20959,IT02,1310720
16232,NULL,1777664
12874,IT01,3641088
8968,NULL,890880
8612,IT03,1431296
3269,IT02,19437070
1267,IT04,6102528
2497,JP03,3790080
2514,JP06,1871872
2516,JP05,18765312
4716,JP05,0
4725,JP07,2219520
4732,JP05,0
9597,JP05,276736
9609,JP02,0
17676,JP07,44921600
17697,JP06,0
24572,JP07,119808
23816,JP07,67584
37903,NULL,1491968
44290,JO03,0
48832,NULL,67584
9038,JO02,93184
8697,JO01,17664
8376,JO01,238592
36915,KE02,8448
37061,NULL,204544
15808,KE01,86016
15399,KE05,160768
12455,KE04,305152
24651,NULL,81920
24921,NULL,18176
20910,LV01,281600
13194,NULL,91648
12578,LV03,499712
6851,LV02,0
1257,NULL,5048064
42675,LT04,0
21412,LT01,179712
15419,LT02,250880
13194,NULL,91648
8764,LT04,772608
5522,NULL,96768
1257,NULL,5048064
34769,NULL,2048
48526,NULL,41984
8632,NULL,40192
6661,LU01,192000
4609,MO01,278016
16333,MK03,83456
6821,MK02,327680
38322,MY02,270336
17971,MY03,28928
10081,NULL,40960
10030,NULL,74752
9534,NULL,509696
4818,NULL,341504
4788,MY03,2974976
28509,MX02,454912
28512,MX02,80128
28518,MX03,0
28548,MX03,93696
28554,MX02,109568
14000,MX01,0
13999,MX04,2184704
11888,MX03,491520
6503,MX01,1819648
36884,NULL,1392640
6713,MA01,6717952
286,NL03,246528
31615,NULL,1163264
15670,NL04,182272
15480,NULL,801280
15435,NL02,229376
13127,NL04,1447424
9143,NL06,0
8737,NL03,367104
6830,NL05,11363072
5390,NL07,434176
1134,NULL,17664
1257,NL04,5048064
38793,NULL,131072
17746,NZ06,0
9790,NZ05,408064
9325,NZ01,3584
7657,NZ03,256
4771,NZ01,1124864
4768,NZ03,319232
4648,NZ01,94208
2570,NZ01,68352
17412,NULL,0
2116,NO06,1555968
2119,NO04,6844176
41164,NO01,579072
15659,NO02,483840
12929,NULL,417792
8786,NO04,0
3307,NO06,256
1257,NULL,5048064
38264,PK02,295168
38547,PK03,167680
38616,PK04,94976
38710,PK04,28928
45595,PK01,3828736
17557,PK01,53504
11556,PA01,786688
27702,NULL,0
12252,PE02,648192
6147,PE01,1545984
24106,NULL,0
45664,PH06,0
10139,PH07,176384
9658,PH04,247296
9497,PH07,0
9299,PH07,2571520
7629,NULL,171520
6648,PH01,365824
4775,PH05,558336
29314,PL08,527872
39603,NULL,561152
43447,PL09,512
43939,PL02,268544
21021,PL01,607488
15857,PL02,0
12968,PL02,0
12912,NULL,679936
12741,PL02,1641984
12476,PL06,0
8374,NULL,1323008
6830,PL06,11363072
5617,PL09,5510400
30824,PL01,0
9141,PL06,0
16366,PL06,0
12743,PL09,4352
34275,PL06,0
24698,PT04,0
42863,NULL,254976
15525,PT02,151040
15457,PT04,69632
13156,PT01,212992
12542,PT04,0
12353,PT05,1208064
3243,PT02,1778688
2860,PT04,1966080
1897,PT04,0
25877,NULL,101376
14638,PR02,230400
11992,NULL,108032
10396,PR04,270592
35002,RO03,0
48161,RO03,291840
21220,NULL,2304
12310,RO02,62208
12302,NULL,269312
9050,RO05,1522432
8953,NULL,196608
8708,RO04,2156288
6830,RO06,11363072
6746,RO06,0
34375,RO04,0
25019,SA04,2951680
34400,NULL,2170880
35819,NULL,2068480
47794,SA02,196608
15982,RS03,28672
15958,NULL,73728
9125,RS01,116480
8400,RS02,720896
28964,RS01,27904
45143,NULL,209920
55430,SG05,584448
17547,SG01,228864
10091,SG05,344064
9874,SG05,243712
9506,SG04,844800
4773,SG01,423168
4657,SG05,335104
4628,SG02,108544
3758,SG04,631296
28725,NULL,141568
15962,NULL,214016
6855,SK02,661248
6830,SK03,11363072
5628,SK02,0
29276,NULL,2304
33929,SI05,0
34779,SI02,193536
41828,NULL,8448
21283,NULL,209920
16016,SI04,0
12644,SI05,81920
8591,SI01,115712
5603,SI03,794368
3212,SI05,219648
36943,ZA06,139520
37168,NULL,2768896
18302,NULL,1204736
17858,KR07,9502720
17853,NULL,413184
9964,KR02,0
9768,KR02,0
9644,NULL,6542336
9318,KR06,14655264
9316,KR07,1810432
4766,KR02,45588768
3786,KR07,8764416
20838,ES04,0
16338,ES02,0
12946,NULL,279552
12715,ES03,4608
12479,ES04,6592512
12430,ES06,3509264
12357,ES06,491264
12338,ES01,490496
6739,ES02,3098880
3352,ES05,10583296
45356,NULL,11264
18001,LK01,164864
9329,LK02,275456
2119,SE03,6844176
25169,SE03,73984
39651,SE01,857088
44034,NULL,1007616
44581,NULL,8000
8434,SE03,0
3301,SE04,7097856
1729,SE04,132096
1299,SE04,421120
1257,NULL,5048064
3303,CH03,3506176
6730,CH02,878336
8404,CH01,0
15796,NULL,98304
44038,CH03,0
24158,NULL,1425664
24154,NULL,88832
17421,NULL,1704448
9680,TW01,4096
9674,NULL,1982464
7482,NULL,987392
3462,TW01,12272896
24378,NULL,199936
38444,NULL,101888
45758,TH03,958208
55465,TH03,0
55490,NULL,0
18252,NULL,4096
17552,TH02,1578496
9931,TH04,259072
9737,TH01,0
7470,TH02,1183488
131090,TH04,221696
131089,NULL,0
27665,TT01,148736
5639,TT02,300032
2609,TN06,2990080
34104,TR03,0
34984,TR03,1379840
47524,TR02,415488
47883,NULL,28672
20978,NULL,720128
16135,NULL,1274880
15897,NULL,539648
9121,TR01,6943744
8386,TR06,727040
25229,UA07,791296
31343,NULL,156160
34058,NULL,254976
35233,NULL,0
35757,UA07,0
39536,UA07,0
42336,UA07,1024
42396,NULL,29952
42471,UA07,0
49559,UA07,256
21497,NULL,315392
21219,UA02,130048
15895,NULL,758816
12883,UA06,64000
12530,NULL,212992
8788,NULL,25856
8359,NULL,1162497
6877,UA05,532480
6849,UA05,1285888
6703,UA06,247296
12421,NULL,0
15802,AE01,1167616
5384,AE02,2458112
2529,NULL,1529856
2856,GB02,11212544
4589,GB01,1900288
5089,GB09,9473536
5388,NULL,276992
5607,GB01,7080704
8897,GB05,437250
9105,GB04,2974976
12390,GB05,262400
12576,NULL,7105536
13285,GB04,3508480
21327,NULL,0
25041,GB02,0
29180,GB01,32256
29328,GB07,0
35228,GB01,164864
35736,GB07,0
43234,GB04,1114112
5462,GB09,0
7132,US19,2260224
19262,US16,0
22773,US09,12167168
33651,US07,28672
209,US20,20870748
33491,US07,145920
6128,US02,5216000
6389,US19,11628288
33650,US07,4864
7015,US07,40960
7725,US07,7424
20214,US07,141568
33287,US07,73216
16586,US06,578304
33652,US07,12544
33657,US07,29952
33668,US07,24832
33490,US07,19456
7922,US07,71210752
33363,US01,1075894528
6478,US19,0
13367,US07,11776
7016,US07,19200
33662,US07,28672
7029,US17,9203488
7018,US19,80622592
5650,US12,12591360
33660,US07,68608
36727,US15,0
21508,US07,92160
7757,US07,0
13432,US09,0
22258,US07,5120
7011,US12,580864
2379,US20,795648
22394,NULL,13239808
5668,US20,1536
33489,US07,512
33654,US07,0
6181,US05,703744
22561,NULL,1504256
10507,NULL,7985152
4323,US15,12032
5778,US20,321280
30036,US14,1382144
33661,US07,1536
33666,US07,0
22318,US09,0
33653,US07,0
701,NULL,42873344
11530,US20,204800
20057,NULL,5382400
20255,UY02,32768
19422,NULL,139264
6057,UY01,2166016
27717,NULL,39936
27889,NULL,223744
21826,VE02,328192
8048,VE01,2850560
6306,NULL,633088
24086,VN04,905216
45899,VN03,6882816
18403,VN01,1425408
7552,NULL,4722688
28717,NULL,136448
31027,NULL,234496
31661,DK01,0
33796,NULL,33280
34823,NULL,0
34848,NULL,9984
34932,NULL,256
35376,NULL,0
35637,NULL,16896
39642,NULL,99584
42525,NULL,115712
43557,NULL,175104
47154,NULL,0
16245,NULL,68096
16095,NULL,132352
15516,DK01,361472
9167,NULL,49152
1835,NULL,166912
553,NULL,2115072
680,NULL,8307968
702,NULL,6441472
1668,NULL,5807360
6724,NULL,165888
8422,DE07,563712
8560,NULL,552192
8972,NULL,297984
12312,NULL,1058560
15747,NULL,122880
20676,NULL,1400832
20773,NULL,249344
24940,NULL,1241600
28753,NULL,82944
31399,NULL,16830464
8767,NULL,523776
27747,NULL,633344
27813,NULL,21760
27927,NULL,29440
27984,NULL,76800
28114,NULL,60416
20207,NULL,108288
16814,NULL,157952
10481,AR01,1762048
10318,AR01,2122752
3549,NULL,6152448
27833,NULL,58368
23702,NULL,0
24105,NULL,82176
24436,NULL,86272
38285,AU05,610560
38333,NULL,107776
38640,NULL,0
56132,NULL,236288
19271,NULL,310016
18390,NULL,51200
18359,NULL,256
18291,NULL,1280
18104,NULL,0
17819,NULL,155904
17561,NULL,198656
17486,NULL,0
10143,NULL,176384
10113,NULL,164096
9942,NULL,180480
9822,NULL,73728
9723,NULL,499456
9650,NULL,216064
9556,NULL,119808
9555,NULL,137216
9543,AU02,163840
9315,NULL,71680
7718,NULL,47104
7575,NULL,1607680
7573,NULL,197120
7543,NULL,128768
4854,NULL,0
703,NULL,796164
9797,NULL,109568
45611,NULL,0
23604,NULL,0
38484,NULL,0
18111,NULL,25856
4764,NULL,106752
24093,NULL,39424
23871,NULL,23040
7496,NULL,99072
679,NULL,132096
760,NULL,99584
1109,NULL,65536
1110,NULL,65536
1113,NULL,65536
1205,NULL,67584
1853,NULL,464896
3248,AT01,0
5385,NULL,70656
5403,NULL,87552
6720,NULL,69632
8245,NULL,75008
8339,NULL,193536
8445,NULL,177920
12605,NULL,155648
35369,NULL,70912
39518,NULL,0
39912,NULL,63744
23688,NULL,51200
23893,NULL,2304
23923,NULL,25088
23956,NULL,57344
24122,NULL,10240
24323,NULL,18176
24342,NULL,39424
24481,NULL,2048
38023,NULL,0
38031,NULL,11264
38267,NULL,0
38556,NULL,2048
38558,NULL,0
38712,NULL,10240
45276,NULL,2048
45951,BD03,56320
56115,NULL,16384
18230,NULL,5376
17806,NULL,65536
17494,BD01,57856
17471,NULL,15872
17469,NULL,77824
9832,NULL,9728
9230,NULL,15360
7565,NULL,39168
38203,NULL,9216
38137,NULL,0
38200,NULL,4864
38071,NULL,6144
38230,NULL,0
38067,NULL,18176
24556,NULL,4352
24827,NULL,12288
20852,BY01,60160
12406,NULL,19968
29587,NULL,34816
39318,NULL,12288
48315,NULL,0
48517,NULL,51456
13127,NULL,1447424
12392,NULL,423936
9208,NULL,22016
9031,NULL,78336
8220,NULL,1216768
8201,NULL,23040
3304,BE01,256
2611,NULL,995840
34665,NULL,0
35567,NULL,34816
42432,NULL,0
42450,NULL,0
42560,NULL,151552
43179,NULL,9728
47959,NULL,4864
16178,NULL,37888
42571,NULL,11264
9119,NULL,88832
42983,NULL,0
1251,NULL,196608
1916,NULL,951296
2715,NULL,418048
3549,NULL,6152448
4230,BR05,4195584
6505,NULL,29696
17379,BR12,540672
23106,NULL,194048
27715,NULL,286720
27724,NULL,0
28202,NULL,212992
28220,NULL,188416
28260,NULL,16384
28270,NULL,57344
28347,NULL,8192
28571,NULL,171264
28652,NULL,24064
53128,NULL,2048
2510,NULL,3220224
2518,JP09,3674112
2519,NULL,1678848
2527,NULL,3275776
2554,NULL,107520
2907,NULL,8612032
2914,NULL,7216128
4685,NULL,905216
4694,NULL,981760
4713,JP06,28899840
4721,NULL,631808
7506,NULL,248576
7514,NULL,194560
7672,NULL,64512
9370,NULL,339456
9371,NULL,329728
9595,NULL,1644544
9600,NULL,82944
9617,JP04,1163264
9824,JP04,4745216
10010,NULL,1441536
10013,NULL,1868800
17506,NULL,5382144
17511,NULL,3135744
17819,NULL,155904
17941,NULL,166912
38462,NULL,35328
38640,NULL,0
55386,NULL,0
55475,NULL,0
56291,NULL,24576
4691,NULL,0
39559,NULL,0
42912,NULL,36864
44466,NULL,2048
44702,NULL,9216
47887,NULL,20480
57393,NULL,0
21088,NULL,12288
12524,NULL,256
8934,NULL,8704
8452,NULL,7079168
33770,KE03,0
33771,NULL,3345920
36866,NULL,76800
36914,NULL,335872
37219,NULL,2048
21280,NULL,0
17175,NULL,0
12491,NULL,78080
12440,NULL,41984
5713,NULL,1977088
9129,NULL,28928
16422,NULL,0
24589,NULL,39680
24620,NULL,10496
28843,NULL,19456
29600,NULL,24576
34001,NULL,17408
34354,NULL,6144
35333,NULL,256
39365,NULL,9216
41563,NULL,17408
41898,NULL,8192
43075,NULL,35328
44220,NULL,1792
44483,NULL,16384
48722,NULL,1024
21156,NULL,24576
21016,NULL,0
20797,NULL,0
20662,NULL,0
12993,NULL,30208
8605,NULL,7168
8285,NULL,26624
8206,NULL,8192
5538,NULL,28416
5518,NULL,100096
2588,NULL,119808
57516,NULL,37888
34620,NULL,4096
24634,NULL,25600
30721,NULL,39939
31126,NULL,75520
34708,NULL,2048
35197,NULL,6144
39010,NULL,39936
41589,NULL,19968
41833,NULL,19456
42003,LB01,137728
43373,NULL,6144
47935,NULL,0
16130,NULL,3840
12653,NULL,14336
9051,NULL,65024
8261,NULL,8448
29578,NULL,0
24852,NULL,177152
24877,NULL,13568
25190,NULL,23296
25406,NULL,32768
28679,NULL,0
29625,NULL,0
33922,NULL,131072
34857,NULL,15360
39007,LT05,65280
39354,NULL,86016
43627,NULL,11776
43649,NULL,0
43700,NULL,12288
21211,NULL,46080
15440,NULL,41472
8486,NULL,0
5377,NULL,116736
2847,NULL,80896
42848,NULL,327680
12684,NULL,254464
9008,LU01,20736
5577,NULL,37888
2602,NULL,83456
21502,NULL,1632448
43375,NULL,65536
9045,NULL,0
44042,NULL,0
24875,NULL,40960
25459,NULL,45056
25525,NULL,100864
25596,NULL,17408
28685,NULL,235008
28878,NULL,54272
29396,NULL,100608
34233,NULL,6144
35470,NULL,36608
38930,NULL,12032
39309,NULL,1024
39556,NULL,1024
42755,NULL,7936
47869,NULL,39424
48635,NULL,56576
49544,NULL,91648
49981,NULL,55296
21221,NULL,90112
21155,NULL,75776
20857,NULL,133632
20847,NULL,46336
20507,NL04,172032
20495,NULL,44800
16265,NULL,256
16243,NULL,93696
16237,NULL,0
16131,NULL,0
15879,NULL,167936
15703,NULL,107520
15542,NULL,176128
13126,NULL,24320
12871,NULL,133120
12859,NULL,63488
12634,NULL,0
12573,NULL,0
12414,NULL,143872
9150,NULL,59648
8426,NULL,1032448
8315,NULL,26368
5615,NL03,0
4589,NULL,1900288
3265,NL03,1187584
1103,NULL,6194688
702,NULL,6441472
1101,NULL,1904128
34547,NULL,11264
34772,NULL,63488
41557,MK04,60160
43612,MK01,32512
49056,NULL,17408
24731,NULL,256
25233,NULL,158976
34397,NULL,337920
8895,NULL,102656
702,NULL,6441472
786,NULL,7436288
20312,NULL,278528
11562,NULL,54784
6871,GB04,1810688
8401,NULL,0
8468,NULL,358400
12513,GB05,412672
13037,NULL,668672
15418,NULL,1024
20500,NULL,512
20860,NULL,409600
29129,NULL,21248
29131,NULL,0
29550,NULL,102912
29631,NULL,0
31290,NULL,0
39757,NULL,0
42003,NULL,137728
42689,NULL,178176
23655,NULL,187648
24398,NULL,65792
38305,NULL,65792
38319,NULL,1024
17492,NULL,37120
17435,NULL,196608
9889,NULL,71424
9503,NULL,194304
9433,NULL,131072
9432,NULL,66048
9431,NULL,66304
4770,NULL,65024
681,NULL,66048
38473,NULL,1024
38495,NULL,65536
17705,NULL,37888
224,NULL,1114880
29300,NULL,32768
29492,NULL,122112
29695,NO08,1030144
34087,NULL,123904
35094,NULL,16384
41572,NULL,124160
49455,NULL,45056
21318,NULL,0
16185,NULL,13312
15765,NULL,16384
12994,NULL,0
8542,NULL,140800
5619,NULL,1295872
5381,NULL,73472
3292,NULL,6910720
5400,NULL,869632
16175,NULL,49408
13069,NULL,1280
27672,MX04,175616
28615,NULL,33536
19332,NULL,94720
16960,NULL,292864
13591,NULL,527616
11172,NULL,589568
8151,MX05,13539360
6332,NULL,505344
594,NULL,0
3549,NULL,6152448
24750,NULL,11264
24964,NULL,1
25206,NULL,14336
25374,NULL,36864
28898,NULL,0
29030,NULL,22784
29084,NULL,33280
29448,NULL,0
29556,NULL,0
29580,BG03,122880
29582,NULL,34560
29667,NULL,12544
31250,NULL,18688
31291,NULL,0
34224,NULL,43265
34295,NULL,29696
34361,NULL,0
34524,NULL,7168
34569,NULL,45824
34754,NULL,33792
35141,BG03,155648
35249,NULL,0
39184,NULL,41728
39246,NULL,4352
41313,NULL,29440
42081,NULL,0
42248,NULL,17152
42410,NULL,2048
42411,NULL,2560
42431,NULL,9728
42555,NULL,23040
43205,BG06,251648
43548,NULL,15104
43561,NULL,103936
47982,NULL,0
48264,NULL,11776
48917,NULL,17408
51582,NULL,33792
21415,NULL,3072
20911,NULL,27648
20876,NULL,0
12829,NULL,26624
12615,NULL,101888
9127,NULL,13824
9070,NULL,162816
9028,NULL,0
8877,NULL,1024
8717,BG03,206097
8672,BG03,81920
6802,NULL,65536
3245,NULL,50432
28909,NULL,6400
41019,NULL,11008
239,NULL,331264
25636,NULL,28416
25668,NULL,85504
30407,NULL,73728
32233,NULL,44032
32277,NULL,47104
32491,NULL,65536
32613,NULL,262400
32881,NULL,19200
32984,NULL,512
33139,NULL,8704
74,NULL,262144
35843,NULL,45056
36493,NULL,173056
40028,NULL,70400
40029,NULL,33792
40224,NULL,9216
40473,NULL,34304
47027,NULL,25088
271,NULL,498176
23184,NULL,152576
23136,NULL,25344
22995,CA11,315648
22799,NULL,37632
21949,NULL,63232
21804,NULL,98304
20375,NULL,0
20218,NULL,8192
20161,NULL,152832
19875,NULL,33024
19515,NULL,41728
19397,NULL,153856
18988,NULL,34816
15318,NULL,215296
15031,NULL,0
15003,NULL,845312
14472,NULL,14080
14280,NULL,8448
14112,NULL,8448
13773,NULL,13056
13768,NULL,1490432
13319,NULL,16128
12021,NULL,25088
11814,NULL,290048
11666,NULL,41216
11486,NULL,248064
11342,NULL,48384
11260,CA10,322560
11032,NULL,13056
10996,NULL,21504
10929,NULL,61440
8346,NULL,342528
8111,NULL,268800
7794,NULL,128512
7456,NULL,66048
7403,NULL,14848
7057,NULL,22784
6453,NULL,560384
6407,NULL,332544
6280,NULL,24064
5690,NULL,100864
5645,NULL,720640
3633,NULL,920832
3356,NULL,38669120
2669,NULL,0
819,NULL,12288
808,NULL,1016576
701,NULL,42873344
611,NULL,341248
376,NULL,1187840
2028,NULL,0
7099,NULL,0
8153,NULL,0
21677,NULL,0
26198,NULL,27648
9803,NULL,157184
4538,NULL,17170688
17962,NULL,770048
64856,NULL,0
64854,NULL,0
9812,NULL,1785856
64851,NULL,0
64812,NULL,0
64811,NULL,0
27695,NULL,164864
10299,NULL,95744
8163,NULL,130560
52228,NULL,196608
2108,NULL,230144
35549,NULL,52480
35432,CY03,95744
43356,NULL,7936
44558,NULL,54528
47883,NULL,28672
49840,NULL,2048
23148,NULL,298240
9121,NULL,6943744
3268,NULL,18432
2852,NULL,848896
5407,NULL,0
6706,CZ03,0
9080,NULL,86016
12570,NULL,57856
15425,NULL,111616
15685,NULL,83456
15935,NULL,51712
16019,NULL,174592
16246,NULL,114688
24806,NULL,45568
24971,NULL,59392
25248,NULL,107776
25424,NULL,33792
25512,NULL,120832
28851,NULL,58368
29321,NULL,15360
30764,NULL,221184
31246,NULL,67584
34093,NULL,28672
34095,NULL,0
39392,NULL,30464
39906,NULL,60672
41456,NULL,0
41824,NULL,0
42908,NULL,32768
44065,NULL,6144
44546,NULL,526336
47114,NULL,6144
47232,NULL,21504
47834,NULL,10240
27887,NULL,59648
24835,EG03,3352064
39301,NULL,3072
48481,NULL,9216
8728,NULL,51200
3327,NULL,78593
3221,NULL,65536
29154,NULL,5888
29422,NULL,171264
30798,NULL,37120
31211,NULL,0
39324,NULL,11008
39699,FI03,58368
42343,FI03,17408
49282,NULL,11264
21366,NULL,59392
20931,FI02,57344
20904,NULL,37888
20569,NULL,200704
20542,NULL,0
16302,NULL,31232
13276,NULL,0
13170,FI03,62464
8829,FI03,12544
8624,NULL,0
3292,FI01,6910720
1741,NULL,745984
16023,NULL,0
49826,NULL,15360
39194,FI03,17408
702,NULL,6441472
1668,NULL,5807360
1715,NULL,393728
1942,NULL,395008
2200,NULL,2289408
2422,NULL,0
2426,NULL,131072
8220,NULL,1216768
8554,NULL,19200
9159,NULL,262656
12876,NULL,507904
13193,NULL,119808
16276,NULL,2724352
20718,NULL,0
28677,NULL,0
34383,FR06,122880
35632,NULL,131072
39886,NULL,24576
48185,NULL,0
25388,NULL,0
29522,NULL,68352
31242,NULL,100096
35191,NULL,58368
38944,NULL,0
42064,NULL,0
43118,NULL,75264
20960,NULL,248320
20804,NULL,247040
16342,NULL,152576
15967,NULL,99584
13110,NULL,168192
12824,NULL,204800
8938,NULL,4096
8508,NULL,161024
8308,NULL,314114
8267,NULL,76288
6714,NULL,0
1887,NULL,81920
34325,NULL,0
39006,NULL,0
39869,NULL,25600
44828,NULL,0
33951,NULL,11008
30838,NULL,29696
35378,NULL,29696
31304,NULL,21504
30799,NULL,0
35274,NULL,45056
34377,NULL,0
13000,NULL,51712
35434,NULL,24064
28726,NULL,144128
28908,NULL,105216
29468,NULL,35584
29518,NULL,310528
33885,SE03,119552
34610,NULL,146688
42318,NULL,12800
42708,NULL,126467
47155,NULL,17408
158,NULL,1325824
21250,NULL,768
21195,NULL,150272
21052,NULL,0
15782,NULL,58624
13189,NULL,78080
12552,NULL,322560
8473,NULL,523520
3292,NULL,6910720
2874,NULL,0
1653,NULL,617664
702,NULL,6441472
5400,NULL,869632
21503,NULL,18432
21202,NULL,0
20626,NULL,19200
36492,NULL,18176
1280,NULL,143616
20115,US04,11216384
20001,US15,6765568
11427,US15,5025280
11351,US15,5036032
11426,US15,4598784
12271,US15,3254016
10796,US15,7979008
19108,NULL,2850560
6079,NULL,1019904
11060,US15,0
11955,US15,93952
13343,US15,13312
11492,NULL,931072
20231,US15,0
10994,US15,0
12262,US15,0
33588,US02,762368
12083,NULL,1148416
10838,US15,158464
29737,NULL,0
6621,NULL,961792
7843,US15,2206464
3737,NULL,662016
11232,NULL,652800
174,NULL,28356096
8047,NULL,279040
7459,NULL,306176
4181,NULL,1122816
7017,US15,0
29895,NULL,0
23292,NULL,0
27364,NULL,312320
3356,NULL,38669120
15162,NULL,0
10311,US15,0
19817,NULL,181760
2828,NULL,6882816
18566,NULL,1659904
29859,NULL,1792
22759,NULL,9480
1785,NULL,256
13490,NULL,233984
2152,NULL,2149120
31939,NULL,94208
14051,NULL,154112
5056,NULL,450560
11776,NULL,161024
23456,NULL,0
197522,NULL,4096
24896,NULL,16384
25133,NULL,93952
25385,NULL,22016
28825,NULL,256
29107,NULL,53248
29511,NULL,0
29685,NULL,1536
30779,NULL,17920
30822,NULL,34816
30886,NULL,14080
30955,NULL,0
31148,NULL,171008
31272,NULL,59392
31305,NULL,1280
31725,NULL,12800
33997,NULL,0
34092,NULL,14592
34143,NULL,0
34187,NULL,34304
34204,NULL,1792
34661,NULL,47872
34700,NULL,91136
34743,NULL,47104
35004,NULL,3328
35320,NULL,13312
35680,NULL,0
35804,NULL,18432
35816,NULL,55296
39047,NULL,22016
39529,NULL,5376
39608,NULL,337920
39728,NULL,24064
41435,NULL,26112
41631,NULL,6144
41665,NULL,14336
41820,NULL,5888
42335,NULL,0
42504,NULL,3072
42590,NULL,6144
42833,NULL,0
43011,NULL,256
43139,NULL,29184
43266,NULL,0
43554,NULL,67584
43802,NULL,15872
45025,NULL,31488
47694,NULL,19456
48006,NULL,10752
48323,NULL,3584
48330,NULL,34560
48957,NULL,6144
49223,NULL,52224
49984,NULL,11264
50380,NULL,0
196705,NULL,3584
196767,NULL,13312
21310,NULL,30720
21261,NULL,0
21011,NULL,0
20590,NULL,66048
15742,NULL,2560
15738,NULL,12032
15713,NULL,4864
15595,NULL,4096
15377,NULL,74752
13188,NULL,409344
12507,NULL,4096
12403,NULL,0
8813,NULL,0
8343,NULL,13568
6876,NULL,105216
6846,NULL,24576
5415,NULL,1536
3261,NULL,15360
3255,NULL,91392
43348,NULL,1024
43659,NULL,0
44559,NULL,0
513,NULL,354816
559,NULL,2315776
702,NULL,6441472
1836,NULL,489472
6772,NULL,117504
8220,NULL,1216768
8803,NULL,329984
8821,NULL,99328
8928,NULL,887813
9044,NULL,99840
10100,NULL,13312
12350,NULL,413952
12511,NULL,165888
12620,NULL,50688
15517,NULL,59392
15547,NULL,100096
15600,NULL,271616
15623,NULL,103424
21040,NULL,23552
21232,NULL,30976
21449,NULL,135680
33845,NULL,135168
34781,NULL,34048
41549,NULL,24320
41715,NULL,16384
42496,NULL,0
44885,NULL,28672
25171,NULL,65536
29278,NULL,76544
31219,NULL,16384
31581,NULL,65536
35311,NULL,82944
43529,NULL,45056
44419,NULL,10240
44651,NULL,6144
47421,NULL,2048
2012,NULL,65792
21229,HU06,0
15467,NULL,0
12594,NULL,12544
8990,NULL,65792
8512,NULL,0
8462,NULL,99072
6784,NULL,65536
6711,NULL,65536
3314,NULL,65536
3219,NULL,65792
2547,NULL,65536
1955,NULL,330240
24822,NULL,41216
23563,NULL,204800
23578,NULL,67584
38121,NULL,49152
38661,NULL,619776
38666,NULL,16416
18318,NULL,49152
18313,NULL,147456
18310,NULL,137216
17877,NULL,192512
17871,NULL,67584
17864,NULL,225280
17854,NULL,96256
17849,NULL,313600
17839,NULL,296960
17608,NULL,143360
17573,NULL,56832
10191,NULL,512
10164,NULL,69632
10036,NULL,869120
9981,NULL,136192
9976,NULL,92160
9943,NULL,229376
9871,NULL,8960
9848,NULL,968448
9845,NULL,321536
9781,NULL,106496
9762,NULL,74752
9756,NULL,108544
9698,NULL,65280
9694,NULL,196608
9689,NULL,479232
9638,NULL,6400
9569,NULL,37888
9319,NULL,92160
7562,NULL,144128
6619,NULL,2489600
4668,NULL,411824
4663,NULL,229888
17841,NULL,206496
9683,NULL,0
47956,NULL,68608
50463,NULL,36352
378,NULL,1164800
22927,AR04,3735040
24164,NULL,251136
24165,NULL,19968
18429,NULL,43008
18182,NULL,385024
18049,NULL,259072
17809,NULL,180224
17716,NULL,76800
9924,NULL,2505216
9919,NULL,686592
9416,NULL,1151232
4780,NULL,1813248
4662,NULL,180224
1659,NULL,5938944
18177,NULL,0
8248,NULL,77824
3323,NULL,65536
24413,NULL,4608
18025,NULL,1024
10230,NULL,768
10098,NULL,52992
9729,NULL,87552
9584,NULL,66560
9381,NULL,363520
9293,NULL,126720
9229,NULL,35072
4645,NULL,119808
4616,NULL,82432
4528,NULL,83712
4158,NULL,82944
4058,NULL,274970
2706,NULL,126464
2519,NULL,1678848
44515,NULL,40960
15474,NULL,65536
6677,IS01,143616
31441,NULL,16384
17465,NULL,76032
17488,NULL,965632
18002,NULL,62464
18207,NULL,114688
23682,NULL,18176
23860,NULL,66048
45194,NULL,127745
45528,NULL,223488
45769,NULL,117760
45774,NULL,14848
55577,NULL,12544
45488,NULL,0
18209,NULL,189952
24186,NULL,36608
10029,NULL,126208
39111,NULL,0
47580,NULL,8192
16509,NULL,21058560
17451,NULL,137168
1213,NULL,1839360
702,NULL,6441472
714,NULL,16794880
2873,NULL,0
34317,NULL,0
31034,NULL,297216
137,NULL,2769408
15589,NULL,290048
8928,NULL,887813
48291,NULL,68352
5396,NULL,120064
7385,NULL,1675008
7065,NULL,640256
21284,NULL,0
6939,NULL,518656
6614,NULL,1184256
6298,US09,0
6222,US20,61696
6167,NULL,30079744
5760,NULL,81920
4922,NULL,204800
3595,NULL,121600
3593,US12,177152
3561,NULL,9078528
3549,NULL,6152448
2914,NULL,7216128
2711,NULL,404992
2698,NULL,87808
2686,US19,17768960
2634,NULL,0
2386,US19,992000
1668,NULL,5807360
1239,NULL,18194176
721,NULL,72397824
714,NULL,16794880
237,NULL,5869568
80,NULL,0
71,NULL,33695232
3,NULL,7742464
7377,NULL,17049856
8075,NULL,21563648
8560,NULL,552192
10674,NULL,32512
10835,NULL,116480
10843,NULL,29696
11166,NULL,1024
11194,NULL,73728
11343,NULL,1024
11398,US20,161280
11456,US17,0
12015,NULL,0
12035,NULL,103168
12124,NULL,0
12180,NULL,147712
12440,NULL,41984
41920,NULL,1024
13672,NULL,91648
13675,NULL,3840
13768,NULL,1490432
13807,NULL,35328
14135,NULL,103168
14265,NULL,579072
14572,NULL,2304
14615,NULL,169216
14618,NULL,11898368
14654,US19,974848
14677,NULL,72704
14780,NULL,768
14905,US20,104960
15003,NULL,845312
15169,NULL,5569536
15305,NULL,71688
16718,US20,40960
16810,NULL,0
16817,US01,0
16852,NULL,0
16904,NULL,93440
17184,NULL,587008
17324,NULL,65536
17819,NULL,155904
18097,NULL,88576
18712,NULL,118272
19092,NULL,95744
19181,NULL,1024
19392,NULL,512
19994,NULL,533760
20175,NULL,0
20357,NULL,0
21615,NULL,15104
21788,NULL,768
21844,NULL,0
21864,NULL,0
21928,NULL,12682496
23504,NULL,0
23520,NULL,203776
25653,NULL,253952
25847,NULL,74752
25994,NULL,0
26101,NULL,179200
26611,NULL,4517888
26827,NULL,121088
27357,NULL,281088
29761,NULL,512
29854,NULL,99840
30058,NULL,0
30094,NULL,16384
30340,NULL,20992
30496,NULL,151040
31815,NULL,106496
32107,NULL,0
32244,NULL,246016
32448,NULL,89344
32475,NULL,329472
32855,US20,107264
33070,NULL,696576
33182,NULL,113408
33655,US07,0
33656,US07,0
33665,US07,0
33739,NULL,9216
35902,NULL,1024
36149,NULL,265216
36351,NULL,4555776
36646,NULL,90112
36752,NULL,768
39939,NULL,89088
40285,NULL,96512
46375,NULL,290816
46475,NULL,91904
53318,NULL,0
23456,NULL,0
23974,NULL,0
45223,NULL,69632
45629,NULL,943360
17565,NULL,256
7693,TH02,259840
4750,NULL,452352
4621,NULL,299520
4618,NULL,221184
24718,NULL,0
30890,NULL,12800
34358,NULL,32512
34711,NULL,512
34744,NULL,58624
39737,NULL,50944
41496,NULL,27392
41763,NULL,1024
43890,NULL,768
44139,NULL,256
47148,NULL,9984
48838,NULL,512
49210,NULL,256
49687,NULL,7168
50915,NULL,1024
15471,NULL,79872
8751,NULL,23296
6910,NULL,195328
6663,NULL,65792
5606,NULL,1
5541,NULL,7680
3233,NULL,41984
2614,NULL,130816
47147,NULL,1280
48277,NULL,256
49074,NULL,10496
51474,NULL,7936
56859,NULL,1024
42143,NULL,0
31102,NULL,7168
34979,NULL,0
15858,NULL,0
44739,NULL,1792
35584,NULL,20224
41440,RU22,0
7582,NULL,65536
2042,NULL,256
17564,NULL,5120
9930,NULL,806400
38552,NULL,0
16345,NULL,31504
47395,NULL,55808
28812,NULL,319488
31133,NULL,82176
25490,RU22,195584
28840,NULL,332800
24955,NULL,203776
21479,RU22,33792
8997,RU22,893952
25405,RU22,0
8359,RU21,1162497
12705,RU22,0
8402,RU05,2228224
6828,RU22,16896
21017,RU22,114688
28719,RU22,256
20485,RU23,350464
31213,NULL,73216
12389,RU22,8658944
12768,RU11,122112
15500,RU22,0
12683,RU22,196608
3239,RU22,0
25513,RU21,414464
8732,RU02,145664
42610,RU22,523264
12332,RU22,303104
3216,RU05,864864
39435,RU11,66560
41668,RU11,62976
41843,RU11,61952
25515,RU22,233984
21127,RU23,233472
35154,RU22,147456
39927,NULL,376832
41661,RU11,43776
25008,RU22,0
6767,RU21,0
42116,RU11,57600
42420,NULL,0
25436,RU22,256
13174,NULL,23560
33934,RU22,155648
8570,RU22,106496
31094,RU22,0
8675,RU22,75776
29456,RU22,81920
8615,NULL,278528
2878,RU22,0
43468,RU22,0
39229,RU22,0
34584,RU22,78080
44775,NULL,0
6856,NULL,61440
34449,RU22,0
31036,NULL,95232
20632,NULL,284416
34590,RU11,40192
42682,RU11,116992
41682,RU11,57088
35807,RU20,273152
31163,NULL,52480
42145,NULL,21504
44677,NULL,69632
21487,RU22,73728
28890,NULL,84992
29497,NULL,72448
12714,NULL,1206272
24699,RU22,28672
21453,NULL,107520
31200,NULL,566272
5591,RU22,0
8439,NULL,87040
34168,RU22,16384
41786,RU11,22272
24612,RU22,0
28884,NULL,15104
31224,NULL,12544
34145,NULL,97536
31514,NULL,139264
31208,NULL,15360
34875,RU22,0
35531,RU22,0
34137,RU22,90112
47241,NULL,57344
13304,NULL,0
47313,NULL,19456
41727,RU11,41216
15774,RU23,189952
41754,RU11,47360
35125,RU22,24576
13118,RU22,115200
31205,NULL,16640
41822,RU21,24064
35473,NULL,1024
42825,RU22,0
12668,NULL,144384
12730,RU22,49152
8369,NULL,326912
44507,NULL,41984
29209,NULL,1280
43132,NULL,14848
41704,NULL,36352
35177,RU22,24576
31195,NULL,23040
42038,NULL,46080
43478,RU11,35328
39811,NULL,10496
31585,NULL,32768
42683,RU11,28160
12958,NULL,210688
42754,NULL,0
13056,RU22,65536
48212,NULL,32768
8594,RU22,30720
41592,NULL,0
40993,NULL,14336
25159,NULL,104704
3226,NULL,61440
8371,RU05,73984
15582,RU02,71680
34533,RU11,98560
38951,NULL,16384
41733,NULL,274432
50543,RU11,61696
51034,NULL,16896
5408,NULL,245504
7643,VN03,19456
18747,NULL,309248
43242,NULL,17152
21502,NULL,1632448
34464,NULL,0
23674,NULL,73728
23966,NULL,64256
38193,NULL,34562
9387,PK06,51457
26105,NULL,0
21599,NULL,110080
18809,NULL,403200
3551,NULL,62976
52284,NULL,4096
23944,NULL,130048
45499,NULL,8960
17639,NULL,152832
9386,NULL,24576
25137,NULL,0
1930,NULL,329728
36423,PR02,155136
36810,NULL,0
16649,NULL,65792
5786,NULL,65536
29170,NULL,13568
31042,RS04,516352
33983,NULL,11264
35573,NULL,19456
41897,NULL,55040
51052,NULL,23296
21215,RS04,0
15926,NULL,0
13303,NULL,65536
13092,NULL,74752
13091,NULL,48640
12558,NULL,0
8771,NULL,74752
8661,NULL,41984
6700,RS03,73472
44712,NULL,3072
41937,NULL,44800
25496,NULL,5120
29405,NULL,39168
31117,NULL,55808
31127,NULL,21504
34820,NULL,4096
35328,NULL,24064
42841,NULL,17408
48326,NULL,8192
16295,NULL,0
16160,NULL,117248
8264,NULL,40960
8257,NULL,82944
5610,NULL,1587456
5578,NULL,218368
2607,NULL,558592
2107,NULL,374272
35471,NULL,3072
42613,NULL,32768
44647,NULL,25600
9119,NULL,88832
12810,NULL,132864
29975,NULL,2050560
33762,ZA01,128000
36874,NULL,177408
36937,NULL,1056512
2018,NULL,1339904
16637,NULL,3806976
12258,ZA04,54784
10474,ZA04,1443584
5713,NULL,1977088
3741,NULL,2947840
174,NULL,28356096
29119,NULL,480000
43904,NULL,0
12334,NULL,500736
766,NULL,1574400
13143,ES02,0
15732,NULL,114688
11845,ZA05,240128
37130,NULL,462592
38229,NULL,33792
5087,NULL,33536
42910,NULL,57344
12978,TR04,410112
12735,NULL,158208
8517,NULL,296448
34296,TR05,109824
38550,NULL,0
24326,NULL,0
45133,NULL,65536
17645,NULL,82944
9877,NULL,65536
9419,NULL,65536
9292,NULL,65536
7634,NULL,52736
7472,NULL,65536
109,NULL,1165568
46078,NULL,2816
24163,NULL,80384
38839,NULL,0
15201,NULL,0
9800,CN04,0
9929,CN04,711424
17623,CN04,648704
17672,CN02,0
17785,CN02,1280
17799,CN02,227840
1257,DE09,5048064
17820,IN06,67328
5486,IL03,2048
8584,IL04,0
25351,NO06,0
21483,RU05,23808
12970,ES02,0
20921,ES04,106752
12429,CH03,27648
5417,NL03,512
8209,NL05,0
8341,NL06,0
20689,NL03,0
30776,NL06,0
12918,FI01,0
13066,ES02,0
5561,HU03,0
8642,DK02,0
1902,CZ01,5376
17430,CN05,1128448
31338,RU21,0
1257,BE03,5048064
15512,CZ04,0
9837,AU02,0
22291,US04,1024
31312,GB04,0
8425,HU06,0
9457,NULL,992256
16054,RU22,12288
6197,US19,9728
18822,CL02,118272
22909,US07,4608
23779,JP06,65536
29101,HU03,0
19548,US15,0
8642,SE03,0
13571,CA09,0
31513,PT04,0
16967,US19,82176
16012,RU21,0
6830,SE01,11363072
12375,FI01,0
15833,PL02,0
19157,US04,1792
9277,KR06,4096
9196,IE05,0
8493,CH01,0
15605,NULL,17152
34033,FR05,512
8434,NO04,0
4670,NULL,467200
12435,DK03,0
13177,SE03,0
3257,IT03,1307137
11707,US15,0
24828,CZ04,0
8052,US15,13056
1257,DK02,5048064
6731,RU21,256
8638,DE13,0
6830,NO01,11363072
19444,US04,0
6721,CZ01,0
19115,US04,36096
9345,NZ03,16384
30947,PT04,0
9238,IN06,53248
29372,FR06,0
6837,CH03,0
6813,ES05,14080
8394,NO04,0
8984,SE03,0
15485,CZ01,0
3246,DK01,841984
16629,CL03,241152
3505,US17,0
6198,US19,8704
8733,BE04,0
8266,BE01,1024
31408,NULL,10752
4763,NZ03,0
19632,CL05,0
12708,GB04,279552
800,CA05,0
5089,IE08,9473536
16202,DE08,123904
6728,GB04,0
12424,ES03,0
31070,PT04,0
8807,DK02,0
9727,NULL,0
6830,BE04,11363072
4355,NULL,0
13407,NULL,0
12358,NULL,0
42036,NULL,44800
8387,NULL,190208
2647,NULL,16778240
1111,NULL,65536
1776,NULL,65536
21079,NULL,65792
1114,NULL,65536
16509,NULL,21058560
1117,NULL,65536
199083,NULL,65536
2494,NULL,65536
6262,NULL,534016
2036,NULL,65536
17477,NULL,384512
12311,NULL,65536
31382,NULL,66560
6883,NULL,65536
4826,NULL,239872
8390,NULL,57344
9503,NULL,194304
7475,NULL,151296
8262,NULL,50176
48452,NULL,14080
16154,NULL,18432
201360,NULL,0
21230,NULL,35840
29687,NULL,23040
12796,NULL,13312
200002,NULL,0
53037,NULL,1147392
16397,NULL,78592
1403,NULL,245760
16276,NULL,2724352
28271,NULL,24576
52733,NULL,0
22368,CO02,144128
1257,NULL,5048064
17638,CN02,722944
24444,NULL,2028032
56040,NULL,1972224
56041,NULL,2942464
5588,CZ01,1368837
197451,NULL,67072
2571,NULL,86272
6740,NULL,41984
43708,NULL,24064
198403,NULL,5120
51207,NULL,1058816
5588,HU02,1368837
50613,NULL,18688
60300,NULL,34816
21268,IS04,0
6775,NULL,8192
1273,NULL,2818048
17665,NULL,28928
23772,NULL,178176
24554,NULL,80128
38457,NULL,39936
9605,NULL,2658816
4686,NULL,179456
9198,KZ02,1487104
29355,NULL,687104
21299,NULL,356096
39725,KZ02,256
15965,NULL,20992
12709,MT02,290048
15735,MT01,172032
33874,NULL,55552
22566,NULL,190208
28545,MX02,34560
36903,MA01,1632256
1136,NULL,6701824
20940,NULL,2424224
16625,NULL,4568064
35916,NULL,2258432
21286,NULL,274688
1128,NULL,196608
33915,NULL,3753984
56030,NULL,77056
57043,NULL,13568
23905,NULL,65792
45172,NULL,65280
41483,NULL,16384
45814,NULL,60928
55714,NULL,68352
132165,NULL,208896
21575,NULL,519168
132199,NULL,290560
16276,NULL,2724352
62005,NULL,1024
8926,NULL,562688
197207,NULL,1820672
34714,NULL,8960
5588,NULL,1368837
57217,NULL,4608
50157,NULL,256
39543,NULL,24832
12632,NULL,2816
9112,NULL,73728
15855,NULL,67072
21111,NULL,65536
41201,NULL,65536
34339,NULL,65536
5550,NULL,65536
12324,NULL,65536
8970,NULL,65536
8323,NULL,57856
6778,NULL,0
29649,NULL,52480
15694,NULL,77312
30851,NULL,56832
42739,NULL,49152
12618,NULL,47104
8342,NULL,350464
58313,NULL,0
2854,NULL,265472
13238,NULL,205824
12695,NULL,214534
3267,NULL,272640
44050,NULL,128257
2118,NULL,79872
48347,NULL,77826
6690,NULL,0
1257,NULL,5048064
39272,NULL,0
12772,RU20,124160
42362,RU22,47104
3253,RU05,107264
34602,NULL,100352
41691,NULL,71424
2895,NULL,132096
47165,NULL,89088
60496,NULL,95488
16301,RU22,90112
39891,NULL,829440
20597,NULL,88064
34974,NULL,73728
34123,NULL,106752
197498,NULL,9728
6854,NULL,82176
5523,NULL,74752
8470,NULL,73728
30868,NULL,73728
8377,NULL,8192
25532,NULL,77824
42277,NULL,70656
21246,NULL,77824
15468,NULL,69632
12418,NULL,68608
48781,NULL,19200
25086,NULL,67840
35728,NULL,67584
29190,NULL,74752
15640,NULL,67072
2875,NULL,65536
8443,NULL,65536
48524,NULL,64512
21378,NULL,16384
6863,NULL,61696
51570,RU11,90880
8492,NULL,65024
8905,NULL,57344
8580,NULL,65536
5563,NULL,55296
8331,NULL,61696
44281,NULL,0
31214,NULL,58368
50195,NULL,65536
41134,NULL,45056
42293,NULL,0
2683,NULL,40448
2905,NULL,13056
39102,NULL,55808
34267,NULL,55296
35000,NULL,77824
25408,NULL,59904
37457,ZA02,1294080
8427,NULL,49152
49505,NULL,105984
12091,NULL,68096
51604,NULL,80384
48642,NULL,61952
39493,NULL,53248
12688,NULL,35840
48172,NULL,256
20807,NULL,52224
50923,NULL,93184
44546,NULL,526336
41560,NULL,50176
28745,NULL,46592
6801,NULL,40960
2820,NULL,0
49342,NULL,52224
16285,NULL,41472
51645,NULL,43264
8334,NULL,48128
42368,NULL,6144
24739,NULL,56064
52207,NULL,57600
39134,NULL,12544
30922,NULL,45056
8595,NULL,71936
34456,NULL,46080
15974,NULL,44032
51964,NULL,2976768
30881,NULL,38912
15756,NULL,7168
58272,NULL,24064
8416,NULL,41984
56736,NULL,203264
35539,NULL,43009
31257,NULL,42496
39812,NULL,40448
6830,CH01,11363072
15585,NULL,81920
8640,NULL,73728
15675,NULL,69376
49071,NULL,70144
49335,NULL,14592
44776,NULL,2304
8883,NULL,4608
34578,NULL,67072
23969,TH01,1286144
131445,NULL,172288
31365,NULL,16384
47331,TR01,123904
57166,NULL,0
29632,NULL,134656
49858,NULL,256
48683,NULL,51200
6712,NULL,56320
45543,VN05,196608
1273,NULL,2818048
16223,NULL,36864
45903,NULL,66304
1290,NULL,596480
48437,NULL,34816
34867,NULL,33796
5503,NULL,762880
9205,NULL,33792
1668,NULL,5807360
25500,NULL,32768
8426,NULL,1032448
5413,NULL,767232
15683,NULL,28416
8928,NULL,887813
60339,NULL,528384
47800,NULL,24832
3356,NULL,38669120
49125,NULL,26624
15395,NULL,390144
35362,NULL,24576
3254,NULL,25088
43120,NULL,33024
51784,NULL,33792
48045,NULL,24576
44924,NULL,0
39906,NULL,60672
41911,NULL,26624
24881,NULL,22272
47702,NULL,9216
34056,NULL,18432
29442,NULL,8448
15772,NULL,25857
3651,NULL,4570880
306,NULL,5047040
11003,NULL,4689408
35994,NULL,12785408
10455,NULL,4588800
4249,NULL,11534592
668,NULL,2897408
4152,NULL,3080448
1761,NULL,2690048
16509,NULL,21058560
81,NULL,3495936
1660,NULL,0
20940,NULL,2424224
3479,NULL,1771520
4565,NULL,1798912
10695,NULL,1704448
27064,NULL,1847040
210,NULL,1510400
18676,NULL,1507328
2687,NULL,1344768
600,NULL,1446656
13335,NULL,1460224
4010,NULL,1178624
1226,NULL,1169152
18779,NULL,1470720
109,NULL,1165568
46690,NULL,1049088
72,NULL,1131264
5006,NULL,1211136
16625,NULL,4568064
22284,NULL,1165312
7155,NULL,1142528
8103,NULL,986880
297,NULL,800000
7792,NULL,1075712
3371,NULL,1367808
1906,NULL,932096
6461,NULL,860672
6325,NULL,817408
51964,NULL,2976768
3491,NULL,1059328
395,NULL,1024
665,NULL,191232
387,NULL,1536
2572,NULL,787968
26496,NULL,992256
157,NULL,480256
19773,NULL,736256
7046,NULL,807936
440,NULL,394752
3354,NULL,786944
32392,NULL,0
36352,NULL,789760
10722,NULL,0
4193,NULL,644352
2381,NULL,631552
31822,NULL,676096
18978,NULL,686592
87,NULL,631040
4436,NULL,0
13354,NULL,66048
22898,NULL,37120
36647,NULL,192512
46606,NULL,647168
31377,NULL,0
22017,NULL,0
1767,NULL,519936
37978,NULL,136960
60974,NULL,768
8075,NULL,21563648
42114,NULL,65536
41701,NULL,132096
51896,IS03,15360
55410,NULL,268544
5532,MT01,29952
18734,NULL,232960
45138,NULL,20480
199590,NULL,0
3210,NULL,20992
49287,NULL,1024
44348,NULL,0
43660,NULL,17408
8641,NULL,44288
58115,NULL,0
15576,NULL,42752
41018,NULL,3584
42331,NULL,15360
36925,NULL,2408448
30983,NULL,16384
36666,NULL,28416
5434,NULL,0
35566,NULL,15104
48503,NULL,31744
50482,KZ02,40960
15736,NULL,26112
39824,NULL,49408
20521,NULL,20224
12046,NULL,13568
34558,NULL,8192
15892,NULL,8192
35356,NULL,6144
35713,NULL,0
3132,NULL,98816
19180,PE03,135936
3549,NULL,6152448
262210,NULL,68352
27843,NULL,75776
52400,NULL,17408
51964,NULL,2976768
36935,NULL,2150144
20928,NULL,196608
15804,NULL,73984
6127,NULL,14592
7602,VN02,124928
48030,NULL,1024
1668,NULL,5807360
50528,NULL,29952
21305,NULL,8704
34748,NULL,31744
29485,NULL,37120
39211,NULL,28672
35753,SA03,154624
35388,NULL,0
5080,NULL,68608
13041,NULL,312064
